name,category,subject,body,whatsapp,email
Le Rossini,restaurant,Développons votre présence digitale — Le Rossini,"Bonjour,

En tant que passionné par le développement digital à Antananarivo, j'ai remarqué l'excellence de votre établissement, Le Rossini. Votre réputation est déjà bien établie, comme en témoignent vos excellentes notes Google (4.2/5).

Cependant, je constate que vous ne disposez pas encore de présence numérique officielle. À l'ère actuelle, un site web professionnel n'est plus une option, mais une nécessité pour capter la clientèle et solidifier votre image de marque auprès de passerelles numériques comme Google Maps.

Je peux concevoir un site web moderne pour Le Rossini incluant : un menu en ligne interactif, un système de réservation de tables, une galerie photos professionnelle, ainsi que vos horaires et emplacement précis. Au-delà du simple site, nous pouvons développer une application sur mesure pour la gestion des commandes et réservations internes, simplifiant grandement votre quotidien opérationnel.

Seriez-vous disponible pour un appel de 15 minutes la semaine prochaine ? Nous pourrions discuter de ce projet digital essentiel qui propulsera Le Rossini vers de nouveaux sommets.

Cordialement,
Ny Avo Kevin
+261 34 17 539 53
nyavokevin.space",0380142002,
A'TO Restaurant,restaurant,Développons votre présence digitale — A'TO Restaurant,"Bonjour,

J'ai noté l'excellent travail que vous réalisez chez A'TO Restaurant à Lot II S 11. Votre réputation, confirmée par vos excellentes notes Google, témoigne de la qualité exceptionnelle de votre cuisine et de votre accueil.

Dans le secteur de la restauration, une présence en ligne professionnelle est aujourd'hui indispensable pour capter l'attention et simplifier l'expérience client. Actuellement, vous manquez d'outil digital centralisant cette première impression.

Je peux concevoir un site web moderne et immersif pour A'TO Restaurant : incluant votre menu en ligne consultable, un système de réservation de tables en temps réel, une galerie photo professionnelle, ainsi que vos horaires et localisation GPS. De plus, si vous souhaitez optimiser votre gestion interne, je propose également des applications sur mesure (gestion des commandes, réservations) ou même des systèmes ERP complets pour simplifier au maximum votre quotidien.

Seriez-vous disponible pour un court échange la semaine prochaine afin de discuter de la manière dont une plateforme digitale peut propulser A'TO Restaurant vers le niveau supérieur ?

Ny Avo Kevin
+261 34 17 539 53
nyavokevin.space",0348336361,
Andriana Luxury,hotel,Site web & logiciel de gestion hôtelière pour Andriana Luxury,"Bonjour,

Félicitations pour l'excellence d'Andriana Luxury ; votre note de 5/5 sur Google témoigne du niveau exceptionnel de service que vous offrez à Antananarivo. En tant que développeur web spécialisé dans les PME malgaches, j'ai remarqué que votre magnifique établissement n'a pas encore de vitrine numérique en ligne.

Dans le secteur hôtelier de luxe, une présence digitale professionnelle est indispensable pour capter la clientèle et optimiser vos réservations. Je peux concevoir un site web haut de gamme intégrant une galerie photo immersive, des présentations détaillées des chambres, un système tarifaire clair et surtout, un formulaire de réservation en ligne fluide.

Au-delà du site, je propose également un logiciel de gestion hôtelière (ERP) sur mesure pour automatiser votre *check-in/out*, gérer les réservations complexes, la facturation client et offrir un tableau de bord décisionnel complet.

Seriez-vous disponible pour un court appel de 15 minutes cette semaine ? Nous pourrions discuter des fonctionnalités qui feront passer votre expérience digitale au niveau de votre service physique.

Cordialement,

Ny Avo Kevin
+261 34 17 539 53
nyavokevin.space",0387107672,
Cabinet Médical Ampefiloha,medical,Modernisez votre cabinet avec un site web + ERP médical — Cabinet Médical Ampefiloha,"Bonjour,

En tant développeur digital spécialisé dans les PME malgaches, j’ai remarqué que le Cabinet Médical Ampefiloha n'est pas encore présent en ligne. Dans un contexte actuel où vos patients s'attendent à une expérience numérique fluide, cette absence représente un potentiel de croissance et d'efficacité considérable.

Je peux vous aider à transformer votre pratique avec deux outils essentiels : premièrement, la création d'un site web professionnel pour crédibiliser votre cabinet ; et deuxièmement, un logiciel de gestion médical sur mesure (ERP). Ce système gérera vos dossiers patients numériques sécurisés, permettra la prise de rendez-vous en ligne, automatisera la facturation et le suivi des ordonnances.

L'objectif est simple : vous faire gagner un temps précieux tout en garantissant une confidentialité maximale de vos données.

Seriez-vous disponible pour un échange téléphonique rapide de 15 minutes cette semaine ? Je serai ravi d’évaluer ensemble comment ces outils peuvent optimiser le fonctionnement du cabinet.

Ny Avo Kevin
+261 34 17 539 53
nyavokevin.space",0341114310,
Cabinet médical,medical,Modernisez votre cabinet avec un site web + ERP médical — Cabinet médical,"Bonjour,

Je me permets de vous contacter car j'ai remarqué que votre excellent cabinet médical n'a pas encore de présence numérique en ligne. À l'ère actuelle, un site internet professionnel n'est plus un luxe, mais une nécessité pour attirer et rassurer vos futurs patients à Antananarivo.

En tant que développeur web freelance basé localement, je conçois des solutions digitales adaptées aux PME malgaches. Je peux vous créer non seulement un site vitrine moderne, mais aussi un système de gestion complet (ERP médical) sur mesure : prise de rendez-vous en ligne, dossiers patients sécurisés, facturation et suivi des ordonnances.

L'objectif est double : optimiser votre visibilité et gagner un temps précieux au quotidien tout en garantissant la confidentialité de vos données.

Seriez-vous disponible pour un échange de 15 minutes cette semaine ? Je serais ravi de vous présenter comment ces outils peuvent transformer l'expérience de votre cabinet.

Cordialement,

Ny Avo Kevin
+261 34 17 539 53
nyavokevin.space",,
Espace Médical Ambodivona,medical,Modernisez votre cabinet avec un site web + ERP médical — Espace Médical Ambodivona,"Bonjour,

Ayant noté votre activité d'Espace Médical à Ambodivona, je constate que vous n'avez pas encore de présence web, ce qui est une opportunité majeure pour améliorer votre visibilité et l'expérience patient.

En tant que développeur web local basé à Antananarivo, j'ai développé des solutions digitales sur mesure pour les PME malgaches comme la vôtre. Je peux vous créer un site vitrine professionnel immédiatement visible par vos patients potentiels en ligne.

Au-delà du site, je propose également de mettre en place un logiciel de gestion médical (ERP) intégrant : la prise de rendez-vous en ligne, des dossiers patients sécurisés, la gestion des ordonnances et la facturation. Ces outils vous garantiront un gain de temps considérable tout en assurant une confidentialité maximale de vos données.

Seriez-vous disponible pour un court échange téléphonique cette semaine ? Je serai ravi de discuter de la manière dont nous pouvons moderniser votre cabinet ensemble.

Ny Avo Kevin
+261 34 17 539 53
nyavokevin.space",0340562566,
Cabinet Médical La Bienveillance,medical,Modernisez votre cabinet avec un site web + ERP médical — Cabinet Médical La Bienveillance,"Bonjour,

J’ai récemment pris connaissance de l'activité du Cabinet Médical La Bienveillance à Antananarivo et j'admire votre engagement au service de la santé. En tant que développeur web spécialisé dans les solutions numériques pour les PME malgaches, je constate qu'une présence en ligne vous permettrait d'optimiser significativement votre activité.

Imaginez un site web professionnel qui capte l'attention des patients et une solution de gestion complète (ERP médical) intégrée : prise de rendez-vous 24/7, dossiers patients numériques sécurisés, facturation automatisée et suivi des ordonnances. Ces outils sont conçus pour vous faire gagner un temps précieux tout en garantissant la confidentialité de vos données.

Mon objectif est simple : transformer votre excellente réputation en une expérience numérique fluide et efficace pour vos patients et votre équipe. Seriez-vous disponible pour un appel de 15 minutes la semaine prochaine afin que je puisse détailler comment ces solutions pourraient s'adapter parfaitement à vos besoins ?

Ny Avo Kevin
+261 34 17 539 53
nyavokevin.space",0342298452,
Cabinet médical Fanazava,medical,Modernisez votre cabinet avec un site web + ERP médical — Cabinet médical Fanazava,"Bonjour,

En tant développeur web spécialisé dans les solutions digitales pour les PME malgaches, j’ai remarqué que le Cabinet médical Fanazava ne bénéficie pas encore d'une présence en ligne. Dans un contexte où la prise de rendez-vous et l'information sont majoritairement numériques, cette absence représente une opportunité manquée de croissance et de visibilité pour vos patients.

Je peux vous aider à combler ce vide en créant non seulement un site web professionnel et rassurant, mais aussi en déployant un logiciel de gestion médical (ERP) sur mesure. Ce système intégrerait la prise de rendez-vous en ligne, la gestion sécurisée des dossiers patients numériques, le suivi des ordonnances et la facturation.

L'objectif est double : moderniser votre image tout en optimisant votre temps grâce à une automatisation complète et le maintien d'une confidentialité maximale de vos données.

Seriez-vous disponible pour un échange téléphonique de 15 minutes cette semaine ? Je serais ravi de vous présenter comment ces outils peuvent transformer l'organisation quotidienne du Cabinet Fanazava.

Cordialement,

Ny Avo Kevin
+261 34 17 539 53
nyavokevin.space",,
Cabinet Médical - Dr Tombo RAMANDIMBISOA,medical,Modernisez votre cabinet avec un site web + ERP médical — Cabinet Médical - Dr Tombo RAMANDIMBISOA,"Bonjour Dr Tombo RAMANDIMBISOA,

Je suis Ny Avo Kevin, développeur spécialisé dans les solutions numériques pour les PME malgaches. J'ai noté l'excellente réputation de votre Cabinet Médical et je constate que vous n'avez pas encore de présence en ligne. Or, un site professionnel est aujourd'hui indispensable pour crédibiliser votre pratique et attirer vos patients.

Je peux concevoir non seulement un site web vitrine moderne, mais aussi une application de gestion médicale complète (ERP) sur mesure. Cette solution permettrait d’intégrer la prise de rendez-vous en ligne, les dossiers patients numériques sécurisés, la gestion des ordonnances électroniques et la facturation.

L'objectif est simple : vous faire gagner un temps précieux au quotidien tout en garantissant une confidentialité maximale de vos données.

Seriez-vous disponible pour un entretien téléphonique rapide de 15 minutes cette semaine ? Je serai ravi de discuter de votre croissance digitale.

Cordialement,

Ny Avo Kevin
+261 34 17 539 53
nyavokevin.space",0342242990,
Médical plus,medical,Modernisez votre cabinet avec un site web + ERP médical — Médical plus,"Bonjour,

En tant que développeur web spécialisé dans les solutions numériques pour le secteur des PME malgaches, je suis tombé récemment sur Médical plus à Ankaditoho. Votre expertise médicale est indéniable (note 5/5 sur Google !), mais j'ai remarqué une opportunité de renforcer votre présence digitale essentielle : vous n'avez pas encore de site web.

Un site professionnel n'est plus un luxe, c'est le vitrine indispensable qui crédibilise et rassure vos patients potentiels dès la première seconde.

Au-delà d'un site vitrine percutant, je peux concevoir une solution complète sur mesure : un ERP médical intégrant prise de rendez-vous en ligne, dossiers patients sécurisés, gestion des ordonnances et facturation. Cela vous ferait gagner énormément de temps et garantirait la confidentialité de vos données.

Seriez-vous disponible pour un échange rapide de 15 minutes cette semaine ? Je serai ravi de vous présenter comment ces outils peuvent optimiser votre cabinet et améliorer l'expérience patient.

Cordialement,

Ny Avo Kevin
+261 34 17 539 53
nyavokevin.space",0320460205,
Centre Médical Ma Vie Ma Santé,medical,Modernisez votre cabinet avec un site web + ERP médical — Centre Médical Ma Vie Ma Santé,"Bonjour,

Félicitations au Centre Médical Ma Vie Ma Santé pour votre excellente réputation à Antananarivo (4.6/5 étoiles !). Votre engagement envers la santé de la communauté est remarquable.

J'ai remarqué que vous n'avez pas encore de présence numérique en ligne, ce qui représente une opportunité majeure d'améliorer l'accessibilité et l'efficacité de votre cabinet.

En tant que développeur spécialisé pour les PME malgaches, je peux bâtir deux choses essentielles : un site web professionnel pour rayonner et un logiciel de gestion médical (ERP) sur mesure. Cette solution intégrée vous permettrait d'automatiser la prise de rendez-vous en ligne, sécuriser les dossiers patients numériques, gérer l'ordonnance et optimiser la facturation, garantissant ainsi confidentialité et gain de temps précieux.

Seriez-vous disponible pour un entretien téléphonique de 15 minutes cette semaine ? Nous pourrions échanger sur vos besoins précis et vous présenter une feuille de route digitale simple mais puissante.

Ny Avo Kevin
+261 34 17 539 53
nyavokevin.space",0383800040,
Cabinet Médical TOLOTRA,medical,Modernisez votre cabinet avec un site web + ERP médical — Cabinet Médical TOLOTRA,"Bonjour,

En tant que développeur web spécialisé dans les PME malgaches, j'ai remarqué que le Cabinet Médical TOLOTRA ne dispose pas de présence en ligne actuelle. Dans l'environnement médical d'aujourd'hui, une visibilité numérique est cruciale pour attirer et fidéliser vos patients à Anosizato.

Je peux vous aider à construire un site web professionnel qui servira de vitrine crédible et rassurante. Mais au-delà, je propose une solution complète : un logiciel de gestion de cabinet (ERP médical) sur mesure. Imaginez : prise de rendez-vous en ligne 24/7, dossiers patients numériques sécurisés, gestion des ordonnances, facturation automatisée et rapports clairs.

Ces outils vous feront gagner un temps précieux, tout en garantissant la confidentialité absolue de vos données.

Seriez-vous disponible pour un bref échange téléphonique cette semaine ? Je serais ravi de discuter de la manière dont une digitalisation pourrait transformer votre quotidien professionnel.

Cordialement,

Ny Avo Kevin
+261 34 17 539 53
nyavokevin.space",0325205969,
Cabinet Médical N&N,medical,Modernisez votre cabinet avec un site web + ERP médical — Cabinet Médical N&N,"Bonjour,

En tant développeur web basé à Antananarivo, je suis spécialisé dans l'accompagnement des PME malgaches vers une digitalisation efficace. J'ai remarqué que le Cabinet Médical N&N n'était pas encore en ligne, ce qui limite actuellement votre visibilité et potentiellement la prise de rendez-vous pour vos patients.

Je peux vous aider à résoudre cela en créant un site web professionnel vitrine, mais aussi en développant une solution sur mesure : un ERP médical complet. Ce système intégrerait la prise de RDV en ligne, les dossiers patients numériques sécurisés, la gestion des ordonnances et la facturation. L'objectif est double : optimiser votre temps tout en garantissant une confidentialité maximale de vos données.

Seriez-vous disponible pour un échange téléphonique de 15 minutes cette semaine ? Je serais ravi de vous présenter concrètement comment ces outils peuvent transformer l'organisation quotidienne du Cabinet N&N.

Cordialement,

Ny Avo Kevin
+261 34 17 539 53
nyavokevin.space",0387281864,
Cabinet Médical Ophtalmologie Anjarasoa,medical,Modernisez votre cabinet avec un site web + ERP médical — Cabinet Médical Ophtalmologie Anjarasoa,"Bonjour,

Je me permets de vous contacter car j’ai remarqué que le Cabinet Médical Ophtalmologie Anjarasoa n'est pas encore en ligne. Dans l'environnement médical actuel à Antananarivo, une présence digitale professionnelle est essentielle pour la crédibilité et l'attractivité auprès des patients.

Je suis Ny Avo Kevin, développeur web spécialisé dans les solutions digitales pour les PME malgaches. Je peux vous créer un site internet vitrine professionnel immédiatement, mais surtout, je propose également de développer un logiciel de gestion médical (ERP) sur mesure. Ce système révolutionnera votre quotidien en gérant la prise de rendez-vous en ligne, le dossier patient numérique sécurisé, la facturation et les ordonnances.

L'objectif est simple : gagner un temps précieux tout en garantissant une confidentialité totale des données.

Seriez-vous disponible pour un échange téléphonique de 15 minutes cette semaine ? Je serais ravi de discuter de vos besoins spécifiques.

Ny Avo Kevin
+261 34 17 539 53
nyavokevin.space",0344015825,
Cabinet Médical,medical,Modernisez votre cabinet avec un site web + ERP médical — Cabinet Médical,"Bonjour,

En tant que professionnel de santé à Antananarivo, votre cabinet mérite une visibilité numérique qui reflète votre expertise. J'ai remarqué que vous n'avez pas encore de présence en ligne, ce qui limite l'accès des nouveaux patients et la crédibilité auprès du public actuel.

Je suis spécialisé dans les solutions digitales pour les PME malgaches. Je peux vous aider à construire un site web professionnel complet, couplé à une application de gestion (ERP médical) sur mesure. Ce système intégrerait : la prise de rendez-vous en ligne, des dossiers patients numériques sécurisés, la gestion des ordonnances et la facturation automatisée.

L'objectif est simple : vous faire gagner un temps précieux tout en garantissant la confidentialité absolue de vos données.

Seriez-vous disponible pour un échange très court (15 minutes) la semaine prochaine ? Je serai ravi de vous présenter comment ces outils peuvent transformer l'efficacité opérationnelle de votre cabinet.

Ny Avo Kevin
+261 34 17 539 53
nyavokevin.space",,
Cabinet médical VY VATO NY AINA,medical,Modernisez votre cabinet avec un site web + ERP médical — Cabinet médical VY VATO NY AINA,"Bonjour,

En tant que développeur web spécialisé dans les solutions digitales pour les PME malgaches, j'ai remarqué que le Cabinet médical VY VATO NY AINA ne dispose pas encore de présence en ligne. Dans un secteur où la visibilité et l'efficacité opérationnelle sont cruciales, cela représente une opportunité majeure d'optimisation.

Je peux vous aider à bâtir votre crédibilité avec un site web professionnel et moderne. Mais au-delà, je propose également un logiciel de gestion de cabinet (ERP médical) sur mesure. Ce système révolutionnera vos opérations en centralisant les dossiers patients numériques, la prise de rendez-vous en ligne, la facturation et la gestion des ordonnances.

L'objectif est simple : vous faire gagner un temps précieux tout en garantissant une confidentialité totale des données, permettant ainsi à votre équipe de se concentrer sur ce qui compte vraiment : vos patients.

Seriez-vous disponible pour un échange téléphonique de 15 minutes la semaine prochaine ? Je serais ravi de discuter de vos besoins spécifiques et de vous montrer comment ces outils peuvent transformer votre quotidien.

Cordialement,

Ny Avo Kevin
+261 34 17 539 53
nyavokevin.space",0330507200,
Cabinet Médical Aina,medical,Modernisez votre cabinet avec un site web + ERP médical — Cabinet Médical Aina,"Bonjour,

En tant que professionnel de la santé à Antananarivo, votre expertise mérite une visibilité en ligne aussi soignée qu'efficace. J'ai remarqué que le Cabinet Médical Aina n'a pas encore de présence web, ce qui représente un potentiel important pour attirer de nouveaux patients et optimiser vos opérations quotidiennes.

Je suis développeur web spécialisé dans les solutions digitales pour les PME malgaches. Je peux vous construire un site internet professionnel et moderne, couplé à un logiciel de gestion médical (ERP) sur mesure. Ce système vous permettrait de gérer en toute confidentialité les dossiers patients numériques, la prise de rendez-vous en ligne, l'ordonnancement et la facturation, garantissant ainsi un gain de temps considérable et une organisation parfaite.

Seriez-vous disponible pour un échange rapide de 15 minutes cette semaine ? Je serais ravi de vous présenter concrètement comment ces outils pourraient transformer le fonctionnement interne et la visibilité externe du Cabinet Aina.

Cordialement,

Ny Avo Kevin
+261 34 17 539 53
nyavokevin.space",0327722217,
Cabinet Médical Dr Fanja,medical,Modernisez votre cabinet avec un site web + ERP médical — Cabinet Médical Dr Fanja,"Bonjour,

Félicitations pour l'excellente réputation de votre Cabinet Médical ! Votre note parfaite sur Google témoigne de la qualité exceptionnelle de vos soins à Antananarivo.

J’ai remarqué que vous n'avez pas encore de présence en ligne dédiée. Aujourd'hui, un site web professionnel est essentiel non seulement pour la crédibilité, mais aussi pour attirer et simplifier l'accès de vos patients.

Je peux vous aider avec une double solution : d'une part, un site vitrine moderne ; d'autre part, un logiciel de gestion médical (ERP) sur mesure. Ce système intégrerait la prise de rendez-vous en ligne, les dossiers patients numériques sécurisés, la facturation et le suivi des ordonnances. L'objectif est simple : vous faire gagner un temps précieux tout en garantissant la confidentialité maximale de vos données.

Seriez-vous disponible pour un échange téléphonique de 15 minutes cette semaine ? Je serais ravi de discuter de la manière dont ces outils peuvent optimiser votre quotidien.

Cordialement,

Ny Avo Kevin
+261 34 17 539 53
nyavokevin.space",0343883609,
Cabinet médical d'Ambodivonikely,medical,Modernisez votre cabinet avec un site web + ERP médical — Cabinet médical d'Ambodivonikely,"Bonjour,

En tant que professionnel de la santé reconnu à Ambodivonikely, votre expertise mérite une visibilité numérique à la hauteur. J’ai remarqué que le Cabinet médical d'Ambodivonikely n'a pas encore de présence en ligne, ce qui limite l'accès et la crédibilité auprès des patients modernes.

Je peux transformer cette situation en un atout majeur grâce à deux piliers : un site web professionnel pour votre vitrine, et un logiciel ERP médical sur mesure. Ce dernier intégrerait la prise de rendez-vous en ligne, les dossiers patients numériques sécurisés, la gestion des ordonnances et la facturation complète.

L'objectif est simple : vous faire gagner un temps précieux tout en garantissant une confidentialité totale des données.

Seriez-vous disponible pour un court échange téléphonique cette semaine ? Nous pourrions définir ensemble comment digitaliser votre pratique efficacement.

Cordialement,

Ny Avo Kevin
+261 34 17 539 53
nyavokevin.space",0349849131,
Cabinet Medical NOHAVY,generic,Proposition de solution digitale sur mesure — Cabinet Medical NOHAVY,"Bonjour,

En tant que développeur spécialisé pour les PME malgaches, j'ai suivi l'activité du Cabinet Medical NOHAVY et je constate qu'une présence numérique professionnelle est aujourd'hui essentielle pour rayonner à Antananarivo.

Un site web vitrine moderne n'est pas seulement une carte de visite ; c'est un outil puissant qui valorisera vos services, améliorera votre référencement Google et facilitera grandement la prise de contact avec vos patients.

Au-delà du site, je peux également concevoir pour vous une application ou un logiciel ERP de gestion sur mesure, parfaitement adapté aux spécificités médicales, afin d'optimiser vos processus internes (gestion des dossiers, rendez-vous...).

Seriez-vous disponible pour un entretien téléphonique de 15 minutes la semaine prochaine ? Nous pourrons discuter concrètement de votre stratégie digitale et du potentiel que nous pouvons débloquer ensemble.

Cordialement,

Ny Avo Kevin
+261 34 17 539 53
nyavokevin.space",0344889828,
Cabinet Médical Bel'Air Ampandrana,medical,Modernisez votre cabinet avec un site web + ERP médical — Cabinet Médical Bel'Air Ampandrana,"Bonjour,

En tant que développeur digital basé à Antananarivo, j'ai remarqué que votre cabinet médical est un acteur clé de la santé à Ampandrana et mérite une présence en ligne aussi professionnelle que ses soins.

L'absence de site web limite votre visibilité auprès des nouveaux patients. Je peux vous aider à combler ce manque avec un site internet moderne et optimisé, qui sera également le point d'entrée vers une gestion interne optimisée.

Je propose non seulement un site vitrine percutant, mais aussi la mise en place d'un ERP médical complet : prise de rendez-vous en ligne, dossiers patients numériques sécurisés, gestion des ordonnances et facturation. Ce système est conçu pour maximiser votre gain de temps tout en garantissant une confidentialité absolue de vos données.

Seriez-vous disponible pour un échange téléphonique de 15 minutes la semaine prochaine ? Je serais ravi de vous montrer concrètement comment ces outils peuvent transformer l'organisation de votre cabinet.

Cordialement,

Ny Avo Kevin
+261 34 17 539 53
nyavokevin.space",0341635802,
Centre Médical Manampisoa Ankad ifotsy,generic,Proposition de solution digitale sur mesure — Centre Médical Manampisoa Ankad ifotsy,"Bonjour,

En tant que développeur web spécialisé pour les PME de Madagascar, j'ai suivi l'excellence des soins dispensés au Centre Médical Manampisoa Ankad ifotsy. Je constate cependant que votre présence en ligne n'est pas optimisée, ce qui représente un potentiel considérable à capter auprès des patients d'Antananarivo.

Pour améliorer immédiatement votre crédibilité et votre référencement Google, je vous propose de développer un site web vitrine professionnel. Ce site inclura une valorisation complète de vos services, optimisé pour le SEO local et doté d'un formulaire de prise de rendez-vous facile d'accès.

Au-delà du visuel, nous pouvons aussi automatiser votre gestion interne avec un logiciel ERP ou une application sur mesure, spécifiquement adaptée aux flux d’un centre médical (gestion des dossiers patients, stocks...).

Seriez-vous disponible pour un appel de 15 minutes la semaine prochaine ? Je serai ravi d'évaluer vos besoins et de vous présenter comment le digital peut transformer votre croissance.

Cordialement,

Ny Avo Kevin
+261 34 17 539 53
nyavokevin.space",0207620855,
Boutique ANGIE PRETTY,retail,Développez vos ventes en ligne — Site e-commerce pour Boutique ANGIE PRETTY,"Bonjour,

Félicitations pour le succès exceptionnel de la Boutique ANGIE PRETTY à Antananarivo ; vos notes parfaites sur Google témoignent d'une excellente réputation !

J'ai remarqué que votre présence en ligne n'est pas encore au niveau de l'excellence de votre boutique. Aujourd'hui, avoir un site web professionnel est indispensable pour capter une clientèle plus large et sécuriser votre croissance.

Je peux vous construire une solution digitale complète : un site e-commerce performant intégrant catalogue produit, panier sécurisé, paiement en ligne et gestion des stocks/livraisons. En complément, je déploierai un logiciel de caisse et de gestion de stock sur mesure pour que vous pilotiez votre activité depuis un tableau de bord unique.

Seriez-vous disponible la semaine prochaine pour un appel de 15 minutes ? Je pourrai détailler comment cette digitalisation peut transformer vos ventes physiques en opportunités digitales réelles.

Cordialement,

Ny Avo Kevin
+261 34 17 539 53
nyavokevin.space",0347730828,
Twenty One Mode,retail,Développez vos ventes en ligne — Site e-commerce pour Twenty One Mode,"Bonjour,

Je suis Ny Avo Kevin et je suis développeur web spécialisé dans la digitalisation des PME malgaches. J'ai suivi le succès de Twenty One Mode en magasin ; votre note Google est excellente ! Cependant, j'ai remarqué que vous n'avez pas encore de présence en ligne, ce qui représente un potentiel commercial énorme à saisir aujourd'hui.

Je peux transformer cette opportunité en une plateforme digitale complète. Je propose la création d'un site e-commerce professionnel (catalogue produits, panier sécurisé et paiement en ligne) couplé à des outils sur mesure. Imaginons également un logiciel de caisse et de gestion de stock qui centraliserait votre activité depuis un seul tableau de bord de pilotage.

Mon objectif est simple : vous permettre d'accélérer vos ventes et de mieux piloter votre croissance, du magasin au digital. Seriez-vous disponible pour un bref échange téléphonique cette semaine afin que je puisse détailler ces solutions ?

Ny Avo Kevin
+261 34 17 539 53
nyavokevin.space",0343614619,
Aur'elle Boutique,retail,Développez vos ventes en ligne — Site e-commerce pour Aur'elle Boutique,"Bonjour,

Je suis Ny Avo Kevin, développeur web spécialisé dans les solutions digitales pour les PME malgaches. J'ai remarqué le succès et l'esthétisme d'Aur'elle Boutique à Lalana Rasoamaharo ; votre activité mérite une vitrine digitale à la hauteur de votre qualité.

Actuellement sans présence en ligne, vous manquez d'une opportunité majeure de croissance. Je peux concevoir un site e-commerce complet (catalogue produits, paiement sécurisé) et, pour optimiser vos opérations, intégrer un logiciel de caisse et de gestion des stocks sur mesure. Ces outils vous permettront de piloter votre activité depuis un seul tableau de bord centralisé.

Mon objectif est simple : transformer cette belle boutique en une marque digitale performante et rentable.

Seriez-vous disponible pour un échange de 15 minutes la semaine prochaine ? Je serais ravi d'échanger sur vos besoins spécifiques.

Cordialement,

Ny Avo Kevin
+261 34 17 539 53
nyavokevin.space",,
BOUTIQUE MA COLLECTION,retail,Développez vos ventes en ligne — Site e-commerce pour BOUTIQUE MA COLLECTION,"Bonjour,

Félicitations pour l'excellence de votre boutique à Ampefiloha. Votre réputation en ligne est exceptionnelle (5/5 sur Google), mais je constate que vous n'avez pas encore de vitrine numérique. C’est une opportunité majeure de croissance que nous devons saisir ensemble.

En tant que développeur web spécialisé pour les PME malgaches, mon objectif est de transformer cette force physique en un succès digital complet. Je peux concevoir et livrer un site e-commerce professionnel incluant catalogue produits, panier sécurisé et gestion des stocks en ligne.

Mais au-delà du simple site, je propose également un logiciel de caisse et de gestion de stock sur mesure (ERP léger) pour piloter toute votre activité depuis un seul tableau de bord centralisé.

Seriez-vous disponible la semaine prochaine pour un appel de 15 minutes ? Je vous présenterai comment ces outils peuvent amplifier vos ventes et sécuriser votre croissance à Antananarivo.

Ny Avo Kevin
+261 34 17 539 53
nyavokevin.space",,
Caravelle MG Concept Store,retail,Développez vos ventes en ligne — Site e-commerce pour Caravelle MG Concept Store,"Bonjour,

Votre Concept Store « Caravelle MG » est une véritable référence à Antananarivo, et votre excellente note sur Google témoigne de la qualité exceptionnelle de vos produits et services. Cependant, en tant que commerce moderne, le manque d'une vitrine numérique représente un potentiel commercial immense inexploité.

Je suis développeur web spécialisé dans l'accompagnement des PME malgaches pour transformer cette opportunité. Je peux vous livrer non seulement un site e-commerce complet (catalogue produits, panier sécurisé, paiement en ligne et gestion de stock), mais aussi un logiciel de caisse et de gestion de stock sur mesure. Ceci permettra de piloter l'intégralité de votre activité depuis un seul tableau de bord centralisé.

Objectif : vous permettre d’atteindre une clientèle bien au-delà des murs du magasin.

Seriez-vous disponible pour un appel de 15 minutes la semaine prochaine ? Nous pourrons évaluer ensemble comment ces solutions peuvent propulser les ventes de Caravelle MG Concept Store sur le marché en ligne.

Cordialement,

Ny Avo Kevin
+261 34 17 539 53
nyavokevin.space",0341433626,
Boutique VK Mada,retail,Développez vos ventes en ligne — Site e-commerce pour Boutique VK Mada,"Bonjour,

Je suis Ny Avo Kevin, développeur web freelance basé à Antananarivo. En parcourant votre activité chez Boutique VK Mada, j'ai été très impressionné par la qualité de vos produits et l'excellence de votre réputation en ligne (5/5 étoiles !).

Cependant, j'ai remarqué que vous n'avez pas encore de plateforme numérique pour accompagner ce succès. Or, dans le commerce actuel, un site web professionnel est indispensable pour élargir votre clientèle au-delà des visites physiques.

Je peux concevoir une solution complète : un e-commerce performant avec catalogue produits, paiement en ligne sécurisé et gestion des stocks intégrée. De plus, nous pouvons développer sur mesure un logiciel de caisse et de gestion qui centralisera tout (stocks, ventes) depuis un seul tableau de bord.

Seriez-vous disponible pour un échange rapide de 15 minutes la semaine prochaine ? Nous pourrions discuter de la manière dont le digital peut transformer votre croissance.

Cordialement,

Ny Avo Kevin
+261 34 17 539 53
nyavokevin.space",0325023595,
Clic Mora,retail,Développez vos ventes en ligne — Site e-commerce pour Clic Mora,"Bonjour,

Félicitations pour l'excellent travail de Clic Mora ; votre note de 5/5 sur Google témoigne de la qualité de vos services à Antananarivo. Cependant, en tant que PME performante sans présence en ligne, vous manquez une opportunité majeure de croissance et de visibilité digitale.

Je suis Ny Avo Kevin, développeur web spécialisé dans les solutions numériques pour les entreprises malgaches. Pour transformer cette force commerciale en un moteur digital, je peux concevoir un site e-commerce complet (catalogue, paiement sécurisé, gestion des stocks) et mettre en place un logiciel de caisse sur mesure. Ce système centralisera votre gestion de stock et vos ventes depuis un seul tableau de bord efficace.

Au-delà, que ce soit un site vitrine avancé, une application métier ou un ERP complet, je vous assure une digitalisation fiable et pérenne.

Seriez-vous disponible pour un court appel la semaine prochaine ? Nous pourrions échanger sur les fonctionnalités précises qui propulseront Clic Mora vers le niveau supérieur.

Cordialement,

Ny Avo Kevin
+261 34 17 539 53
nyavokevin.space",0342311112,
Cos'te Collections,retail,Développez vos ventes en ligne — Site e-commerce pour Cos'te Collections,"Bonjour,

Félicitations pour l'excellente réputation de Cos'te Collections à Antananarivo ; votre note parfaite sur Google témoigne d'un service client exceptionnel. Cependant, dans le contexte actuel, une présence en ligne professionnelle est essentielle pour capter la clientèle et garantir votre croissance.

Je suis développeur web spécialisé dans l'accompagnement des PME malgaches. Je peux vous créer un site e-commerce complet : catalogue produits, panier sécurisé, paiement en ligne et gestion intégrée du suivi des livraisons.

De plus, je propose de développer sur mesure un logiciel de caisse et de gestion des stocks qui centralisera toutes vos opérations depuis un tableau de bord unique. Cela vous permettra de piloter votre activité avec une efficacité maximale.

Seriez-vous disponible pour un appel de 15 minutes cette semaine ? Je serais ravi d'échanger sur la manière dont le digital peut amplifier votre succès physique.

Cordialement,

Ny Avo Kevin
+261 34 17 539 53
nyavokevin.space",0384443917,
Majesté Boutique,retail,Développez vos ventes en ligne — Site e-commerce pour Majesté Boutique,"Bonjour,

Félicitations pour l'excellence de Majesté Boutique à Antananarivo ! Votre réputation impeccable, attestée par votre note parfaite sur Google, témoigne d’une qualité irréprochable dans le commerce local.

Cependant, j'ai remarqué que vous n'avez pas encore de présence en ligne. Dans le contexte actuel, ne pas avoir de site web représente un potentiel énorme non exploité et une opportunité manquée pour atteindre plus loin au-delà de votre boutique physique.

En tant que développeur web freelance basé à Antananarivo, j'aide les PME comme la vôtre à se digitaliser. Je peux concevoir un site e-commerce complet (catalogue produits, panier sécurisé, paiement en ligne) et y intégrer des outils sur mesure : un logiciel de caisse et de gestion de stock pour piloter votre activité depuis un seul tableau de bord.

Seriez-vous disponible pour un bref échange de 15 minutes la semaine prochaine ? Je serais ravi de discuter de la manière dont une présence digitale professionnelle peut propulser Majesté Boutique vers une croissance exponentielle.

Cordialement,

Ny Avo Kevin
+261 34 17 539 53
nyavokevin.space",0340447313,
Tripolitsa Boutique,retail,Développez vos ventes en ligne — Site e-commerce pour Tripolitsa Boutique,"Bonjour,

Je suis Ny Avo Kevin et je développe des solutions digitales pour les PME de Madagascar. J'ai remarqué l'excellence de Tripolitsa Boutique et votre excellente réputation à Antananarivo 101. Cependant, votre absence en ligne représente un potentiel de croissance majeur inexploité.

Aujourd'hui, votre succès mérite une vitrine digitale professionnelle. Je peux vous livrer non seulement un site e-commerce complet (catalogue produits, paiement sécurisé, gestion des stocks et suivi des commandes), mais aussi un logiciel de caisse et de gestion de stock sur mesure. Cela vous permettra de piloter l'intégralité de votre activité depuis un seul tableau de bord centralisé.

Mon objectif est de transformer cette absence numérique en un véritable moteur de croissance pour votre boutique. Seriez-vous disponible pour un échange téléphonique de 15 minutes la semaine prochaine ?

Cordialement,

Ny Avo Kevin
+261 34 17 539 53
nyavokevin.space",0337899900,
E boutique ( 1er étage ),retail,Développez vos ventes en ligne — Site e-commerce pour E boutique ( 1er étage ),"Bonjour,

En observant l'activité de E boutique au 1er étage, j'ai noté un potentiel commercial très fort. Cependant, le manque de présence en ligne représente aujourd'hui une opportunité manquée majeure pour votre croissance à Antananarivo.

Je suis développeur web spécialisé dans la digitalisation des PME malgaches et je peux transformer ce potentiel en succès numérique. Je vous propose de créer un site e-commerce complet (catalogue produits, paiement sécurisé, suivi de stock) couplé à un logiciel de caisse et de gestion de stock sur mesure. L'objectif ? Piloter l'intégralité de votre activité depuis un seul tableau de bord centralisé.

Un site web professionnel est indispensable pour crédibiliser votre marque et étendre votre marché au-delà du quartier. Seriez-vous disponible pour un entretien téléphonique de 15 minutes la semaine prochaine afin d'évaluer ensemble les besoins spécifiques de E boutique ?

Cordialement,

Ny Avo Kevin
+261 34 17 539 53
nyavokevin.space",0349031170,
Doux Câlin,retail,Développez vos ventes en ligne — Site e-commerce pour Doux Câlin,"Bonjour,

En tant que développeur web spécialisé dans les PME malgaches, j'ai remarqué l'excellente réputation de Doux Câlin à Antananarivo. Votre engagement envers la qualité est évident (note 5/5 sur Google), mais votre absence en ligne représente une opportunité manquée majeure pour vos ventes et votre visibilité.

Un site web professionnel n'est plus un luxe, c'est le cœur de votre vitrine commerciale digitale. Je peux vous concevoir un e-commerce complet : catalogue produits, panier sécurisé, paiement en ligne, et gestion des stocks intégrée. De plus, nous pouvons développer un logiciel de caisse et de gestion de stock sur mesure pour piloter votre activité depuis un seul tableau de bord centralisé.

Ces solutions sont conçues spécifiquement pour optimiser l'expérience client et la performance opérationnelle de Doux Câlin. Seriez-vous disponible pour un court échange téléphonique cette semaine afin que je vous présente concrètement comment transformer votre présence digitale ?

Cordialement,
Ny Avo Kevin
+261 34 17 539 53
nyavokevin.space",,
Boutique de robe,retail,Développez vos ventes en ligne — Site e-commerce pour Boutique de robe,"Bonjour,

Félicitations pour l'excellente réputation de votre boutique ! Votre présence physique est remarquable, mais j’ai noté que vous n'avez pas encore de vitrine numérique en ligne, ce qui représente aujourd'hui un potentiel de croissance considérable manqué.

Je suis développeur web basé à Antananarivo et je me spécialise dans la transformation digitale des PME malgaches. Pour 'Boutique de robe', je peux créer une solution complète : un site e-commerce professionnel intégrant catalogue produits, panier sécurisé, paiement en ligne et suivi des stocks.

De plus, pour optimiser votre gestion interne, nous pouvons développer sur mesure un logiciel de caisse et de gestion des stocks qui centralisera toutes vos données depuis un unique tableau de bord.

Seriez-vous disponible pour un appel de 15 minutes la semaine prochaine ? Je serais ravi d'échanger sur vos objectifs commerciaux et de vous montrer concrètement comment nous pouvons faire grandir votre activité en ligne.

Cordialement,

Ny Avo Kevin
+261 34 17 539 53
nyavokevin.space",0325071917,
Ayem mode Muslim,retail,Développez vos ventes en ligne — Site e-commerce pour Ayem mode Muslim,"Bonjour l'équipe Ayem mode Muslim,

Félicitations pour votre excellente réputation à Antananarivo ! Votre savoir-faire dans la mode musulmane mérite une vitrine aussi exceptionnelle que vos créations. J'ai remarqué que vous n'avez pas encore de présence en ligne, ce qui représente aujourd'hui un potentiel commercial considérable perdu.

En tant que développeur web spécialisé auprès des PME malgaches, je peux vous aider à transformer cette opportunité en succès digital immédiat. Je conçois des sites e-commerce complets (catalogue produits, paiement sécurisé, gestion des stocks) et j'intègre un logiciel de caisse et de gestion sur mesure pour piloter votre activité depuis un seul tableau de bord central.

Un site web professionnel est la fondation indispensable pour atteindre une clientèle plus large et optimiser vos opérations internes.

Seriez-vous disponibles pour un échange rapide de 15 minutes cette semaine ? Je serais ravi d'évaluer ensemble les besoins spécifiques de Ayem mode Muslim.

Cordialement,

Ny Avo Kevin
+261 34 17 539 53
nyavokevin.space",,
Boutique thoni,retail,Développez vos ventes en ligne — Site e-commerce pour Boutique thoni,"Bonjour,

En tant que développeur web spécialisé dans les PME malgaches, je suis impressionné par la présence et le potentiel de votre boutique thoni à Antananarivo. Cependant, j'ai remarqué que vous n'avez pas encore de vitrine numérique en ligne, ce qui représente une opportunité majeure de croissance manquée.

Aujourd’hui, avoir une présence digitale est essentiel pour attirer et fidéliser la clientèle. Je peux vous aider concrètement à transformer votre activité avec une solution sur mesure.

Je peux concevoir un site e-commerce complet (catalogue produits, paiement sécurisé) et développer en parallèle un logiciel de caisse et de gestion de stock intégré. Ces outils vous permettront de piloter l'ensemble de votre activité depuis un seul tableau de bord centralisé.

Seriez-vous disponible pour un échange téléphonique de 15 minutes la semaine prochaine ? Je serai ravi d’évaluer vos besoins spécifiques et de vous présenter des solutions adaptées à votre croissance.

Cordialement,

Ny Avo Kevin
+261 34 17 539 53
nyavokevin.space",0345731821,
